{
    "blade_geom_version": "1.0",
    "R": 1.1048214224701658,
    "r_is": [
        0.11048214224701658,
        0.22096428449403316,
        0.33144642674104974,
        0.4419285689880663,
        0.5524107112350829,
        0.6628928534820995,
        0.773374995729116,
        0.8838571379761326,
        0.9943392802231492,
        1.1048214224701658
    ],
    "chords": [
        0.16483719427750157,
        0.16717094825625703,
        0.1572055901591056,
        0.13955978775306446,
        0.12241291888918412,
        0.10773343718226887,
        0.09552681869722662,
        0.08540106186530638,
        0.076950383349128,
        0.06983659144972632
    ],
    "pitch": [
        0.0,
        0.0,
        0.0,
        0.0,
        0.0,
        0.0,
        0.0,
        0.0,
        0.0,
        0.0
    ],
    "lambda0": 4.8,
    "no_sections": 10
}