{
    "blade_geom_version": "1.0",
    "R": 89.166,
    "r_is": [
        2.80000000e+00,
        1.10027383e+01,
        1.68710210e+01,
        2.29641225e+01,
        3.23076383e+01,
        4.15730197e+01,
        5.04110617e+01,
        5.85344352e+01,
        6.57500952e+01,
        7.19674921e+01,
        7.71859743e+01,
        7.87133469e+01,
        8.01402166e+01,
        8.27084849e+01,
        8.49251565e+01,
        8.68264859e+01,
        8.84486629e+01,
        8.91660000e+01
    ],
    "chords": [
        5.38000000e+00,
        5.45248001e+00,
        5.86600432e+00,
        6.18451124e+00,
        6.01996243e+00,
        5.42189119e+00,
        4.69821952e+00,
        3.99867965e+00,
        3.39809449e+00,
        2.91304006e+00,
        2.53594729e+00,
        2.43077140e+00,
        2.33143176e+00,
        2.12906893e+00,
        1.90332250e+00,
        1.62601186e+00,
        1.18359898e+00,
        6.00000000e-01
    ],
    "pitch": [
        1.45000000e+01,
        1.44320088e+01,
        1.25459743e+01,
        8.89245229e+00,
        6.38219779e+00,
        4.67357583e+00,
        2.88655238e+00,
        1.20718981e+00,
        -1.30379615e-01,
        -1.11392478e+00,
        -1.86195876e+00,
        -2.07762680e+00,
        -2.28007940e+00,
        -2.64408409e+00,
        -2.94507068e+00,
        -3.17732896e+00,
        -3.35752648e+00,
        -3.42800000e+00
    ],
    "tc_ratios": [
        1.00000000e+02,
        8.60491476e+01,
        6.10969583e+01,
        4.30356446e+01,
        3.24150527e+01,
        2.78103477e+01,
        2.53179760e+01,
        2.42644205e+01,
        2.41006815e+01,
        2.41000000e+01,
        2.41000016e+01,
        2.41000006e+01,
        2.41000000e+01,
        2.41000000e+01,
        2.41000000e+01,
        2.41000000e+01,
        2.41000000e+01,
        2.41000000e+01
    ],
    "lambda0": 4.8,
    "no_sections": 18
}
